Ref,Val,Package,PosX,PosY,Rot,Side
"C94","100 nF","C_0402_1005Metric",-2.177559,4.318898,-90.000000,bottom
"C95","100 nF","C_0402_1005Metric",-2.253937,3.713976,90.000000,bottom
"C96","100 nF","C_0402_1005Metric",-2.057480,4.318898,-90.000000,bottom
"C97","100 nF","C_0402_1005Metric",-2.000394,3.713976,90.000000,bottom
"C98","100 nF","C_0402_1005Metric",-1.900787,4.318898,-90.000000,bottom
"C99","100 nF","C_0402_1005Metric",-1.822441,4.318898,-90.000000,bottom
"C100","100 nF","C_0402_1005Metric",-1.979134,4.318898,-90.000000,bottom
"C101","100 nF","C_0402_1005Metric",-1.743307,3.713976,90.000000,bottom
"C102","100 nF","C_0402_1005Metric",-2.267520,4.138583,0.000000,bottom
"C103","100 nF","C_0402_1005Metric",-1.898819,4.231102,90.000000,bottom
"C104","100 nF","C_0402_1005Metric",-2.057087,4.231102,90.000000,bottom
"C105","100 nF","C_0402_1005Metric",-2.133858,4.230906,90.000000,bottom
"C106","100 nF","C_0402_1005Metric",-1.977559,4.231102,90.000000,bottom
"C107","100 nF","C_0402_1005Metric",-1.819291,4.231102,90.000000,bottom
"C108","100 nF","C_0402_1005Metric",-1.693110,4.139764,180.000000,bottom
"C109","100 nF","C_0402_1005Metric",-1.802756,3.828740,0.000000,bottom
"C110","100 nF","C_0402_1005Metric",-1.898819,3.713583,90.000000,bottom
"C111","100 nF","C_0402_1005Metric",-2.077165,3.713976,90.000000,bottom
"C112","100 nF","C_0402_1005Metric",-2.311811,4.279331,-90.000000,bottom
"C113","100 nF","C_0402_1005Metric",-2.297047,4.000000,180.000000,bottom
"C114","100 nF","C_0402_1005Metric",-1.657480,4.314567,-90.000000,bottom
"C115","100 nF","C_0402_1005Metric",-1.818504,3.713976,90.000000,bottom
"C116","100 nF","C_0402_1005Metric",-2.119685,3.713780,90.000000,bottom
"C117","100 nF","C_0402_1005Metric",-1.659646,3.958661,0.000000,bottom
"C118","100 nF","C_0402_1005Metric",-2.259449,4.318898,-90.000000,bottom
"C119","100 nF","C_0402_1005Metric",-1.744094,4.319488,-90.000000,bottom
"C120","100 nF","C_0402_1005Metric",-2.155118,3.829134,180.000000,bottom
"C139","100 nF","C_0402_1005Metric",-5.293632,4.318841,-90.000000,bottom
"C140","100 nF","C_0402_1005Metric",-5.370010,3.713919,90.000000,bottom
"C141","100 nF","C_0402_1005Metric",-5.173553,4.318841,-90.000000,bottom
"C142","100 nF","C_0402_1005Metric",-5.116467,3.713919,90.000000,bottom
"C143","100 nF","C_0402_1005Metric",-5.016860,4.318841,-90.000000,bottom
"C144","100 nF","C_0402_1005Metric",-4.938514,4.318841,-90.000000,bottom
"C145","100 nF","C_0402_1005Metric",-5.095207,4.318841,-90.000000,bottom
"C146","100 nF","C_0402_1005Metric",-4.859380,3.713919,90.000000,bottom
"C147","100 nF","C_0402_1005Metric",-5.375522,4.318841,-90.000000,bottom
"C148","100 nF","C_0402_1005Metric",-4.860167,4.319431,-90.000000,bottom
"C149","100 nF","C_0402_1005Metric",-5.271191,3.829077,180.000000,bottom
"C150","100 nF","C_0402_1005Metric",-5.383593,4.138526,0.000000,bottom
"C151","100 nF","C_0402_1005Metric",-5.014892,4.231045,90.000000,bottom
"C152","100 nF","C_0402_1005Metric",-5.173159,4.231045,90.000000,bottom
"C153","100 nF","C_0402_1005Metric",-5.249931,4.230848,90.000000,bottom
"C154","100 nF","C_0402_1005Metric",-5.093632,4.231045,90.000000,bottom
"C155","100 nF","C_0402_1005Metric",-4.935364,4.231045,90.000000,bottom
"C156","100 nF","C_0402_1005Metric",-4.809183,4.139707,180.000000,bottom
"C157","100 nF","C_0402_1005Metric",-4.918829,3.828683,0.000000,bottom
"C158","100 nF","C_0402_1005Metric",-5.014892,3.713526,90.000000,bottom
"C159","100 nF","C_0402_1005Metric",-5.193238,3.713919,90.000000,bottom
"C160","100 nF","C_0402_1005Metric",-5.427884,4.279274,-90.000000,bottom
"C161","100 nF","C_0402_1005Metric",-5.413120,3.999943,180.000000,bottom
"C162","100 nF","C_0402_1005Metric",-4.773553,4.314510,-90.000000,bottom
"C163","100 nF","C_0402_1005Metric",-4.935039,3.715945,90.000000,bottom
"C164","100 nF","C_0402_1005Metric",-5.235758,3.713722,90.000000,bottom
"C165","100 nF","C_0402_1005Metric",-4.775719,3.958604,0.000000,bottom
"C224","100 nF","C_0402_1005Metric",-8.409031,4.319555,-90.000000,bottom
"C225","100 nF","C_0402_1005Metric",-8.485409,3.714634,90.000000,bottom
"C226","100 nF","C_0402_1005Metric",-8.288953,4.319555,-90.000000,bottom
"C227","100 nF","C_0402_1005Metric",-8.231866,3.714634,90.000000,bottom
"C228","100 nF","C_0402_1005Metric",-8.132260,4.319555,-90.000000,bottom
"C229","100 nF","C_0402_1005Metric",-8.053913,4.319555,-90.000000,bottom
"C230","100 nF","C_0402_1005Metric",-8.210606,4.319555,-90.000000,bottom
"C231","100 nF","C_0402_1005Metric",-7.974780,3.714634,90.000000,bottom
"C232","100 nF","C_0402_1005Metric",-8.490921,4.319555,-90.000000,bottom
"C233","100 nF","C_0402_1005Metric",-7.975567,4.320146,-90.000000,bottom
"C234","100 nF","C_0402_1005Metric",-8.386591,3.829791,180.000000,bottom
"C235","100 nF","C_0402_1005Metric",-8.498992,4.139240,0.000000,bottom
"C236","100 nF","C_0402_1005Metric",-8.130291,4.231760,90.000000,bottom
"C237","100 nF","C_0402_1005Metric",-8.288559,4.231760,90.000000,bottom
"C238","100 nF","C_0402_1005Metric",-8.365331,4.231563,90.000000,bottom
"C239","100 nF","C_0402_1005Metric",-8.209031,4.231760,90.000000,bottom
"C240","100 nF","C_0402_1005Metric",-8.050764,4.231760,90.000000,bottom
"C241","100 nF","C_0402_1005Metric",-7.924583,4.140421,180.000000,bottom
"C242","100 nF","C_0402_1005Metric",-8.034228,3.829398,0.000000,bottom
"C243","100 nF","C_0402_1005Metric",-8.130291,3.714240,90.000000,bottom
"C244","100 nF","C_0402_1005Metric",-8.308638,3.714634,90.000000,bottom
"C245","100 nF","C_0402_1005Metric",-8.543283,4.279988,-90.000000,bottom
"C246","100 nF","C_0402_1005Metric",-8.528520,4.000657,180.000000,bottom
"C247","100 nF","C_0402_1005Metric",-7.888953,4.315224,-90.000000,bottom
"C248","100 nF","C_0402_1005Metric",-8.049976,3.714634,90.000000,bottom
"C249","100 nF","C_0402_1005Metric",-8.351157,3.714437,90.000000,bottom
"C250","100 nF","C_0402_1005Metric",-7.891118,3.959319,0.000000,bottom
"C309","100 nF","C_0402_1005Metric",-11.525128,4.318447,-90.000000,bottom
"C310","100 nF","C_0402_1005Metric",-11.601506,3.713526,90.000000,bottom
"C311","100 nF","C_0402_1005Metric",-11.405049,4.318447,-90.000000,bottom
"C312","100 nF","C_0402_1005Metric",-11.347963,3.713526,90.000000,bottom
"C313","100 nF","C_0402_1005Metric",-11.248356,4.318447,-90.000000,bottom
"C314","100 nF","C_0402_1005Metric",-11.170010,4.318447,-90.000000,bottom
"C315","100 nF","C_0402_1005Metric",-11.326703,4.318447,-90.000000,bottom
"C316","100 nF","C_0402_1005Metric",-11.090876,3.713526,90.000000,bottom
"C317","100 nF","C_0402_1005Metric",-11.607018,4.318447,-90.000000,bottom
"C318","100 nF","C_0402_1005Metric",-11.091663,4.319037,-90.000000,bottom
"C319","100 nF","C_0402_1005Metric",-11.502687,3.828683,180.000000,bottom
"C320","100 nF","C_0402_1005Metric",-11.615089,4.138132,0.000000,bottom
"C321","100 nF","C_0402_1005Metric",-11.246388,4.230652,90.000000,bottom
"C322","100 nF","C_0402_1005Metric",-11.404656,4.230652,90.000000,bottom
"C323","100 nF","C_0402_1005Metric",-11.481427,4.230455,90.000000,bottom
"C324","100 nF","C_0402_1005Metric",-11.325128,4.230652,90.000000,bottom
"C325","100 nF","C_0402_1005Metric",-11.166860,4.230652,90.000000,bottom
"C326","100 nF","C_0402_1005Metric",-11.040679,4.139313,180.000000,bottom
"C327","100 nF","C_0402_1005Metric",-11.150325,3.828289,0.000000,bottom
"C328","100 nF","C_0402_1005Metric",-11.246388,3.713132,90.000000,bottom
"C329","100 nF","C_0402_1005Metric",-11.424734,3.713526,90.000000,bottom
"C330","100 nF","C_0402_1005Metric",-11.659380,4.278880,-90.000000,bottom
"C331","100 nF","C_0402_1005Metric",-11.644616,3.999549,180.000000,bottom
"C332","100 nF","C_0402_1005Metric",-11.005049,4.314116,-90.000000,bottom
"C333","100 nF","C_0402_1005Metric",-11.166073,3.713526,90.000000,bottom
"C334","100 nF","C_0402_1005Metric",-11.467254,3.713329,90.000000,bottom
"C335","100 nF","C_0402_1005Metric",-11.007215,3.958211,0.000000,bottom
"C383","470 nF","C_0402_1005Metric",-6.515748,5.696850,-90.000000,bottom
"C384","470 nF","C_0402_1005Metric",-6.492126,5.523622,-90.000000,bottom
"C386","470 nF","C_0402_1005Metric",-6.543307,6.204724,180.000000,bottom
"C388","470 nF","C_0402_1005Metric",-6.665354,6.188976,-90.000000,bottom
"C389","4.7 uF","C_0805_2012Metric",-6.417323,6.366142,90.000000,bottom
"C390","470 nF","C_0402_1005Metric",-6.492126,6.078740,0.000000,bottom
"C392","470 nF","C_0402_1005Metric",-6.731693,6.043307,180.000000,bottom
"C393","470 nF","C_0402_1005Metric",-6.940945,5.822835,180.000000,bottom
"C395","470 nF","C_0402_1005Metric",-6.901575,5.567520,-90.000000,bottom
"C396","4.7 uF","C_0805_2012Metric",-6.814961,5.374016,-90.000000,bottom
"C397","470 nF","C_0402_1005Metric",-6.688976,5.685039,180.000000,bottom
"C398","4.7 uF","C_0805_2012Metric",-7.283465,5.413386,-90.000000,bottom
"C399","470 nF","C_0402_1005Metric",-7.071457,5.618110,0.000000,bottom
"C400","470 nF","C_0402_1005Metric",-7.150197,6.232283,0.000000,bottom
"C402","470 nF","C_0402_1005Metric",-6.881890,6.066929,180.000000,bottom
"C403","4.7 uF","C_0805_2012Metric",-7.295276,5.984252,0.000000,bottom
"C404","470 nF","C_0402_1005Metric",-6.968504,6.003937,-90.000000,bottom
"C405","4.7 uF","C_0805_2012Metric",-7.375492,6.527559,0.000000,bottom
"C406","470 nF","C_0402_1005Metric",-7.122047,5.972441,0.000000,bottom
"C407","4.7 uF","C_0805_2012Metric",-6.972441,6.456693,0.000000,bottom
"C408","470 nF","C_0402_1005Metric",-6.775591,5.937008,-90.000000,bottom
"C409","470 nF","C_0402_1005Metric",-6.732283,6.003937,180.000000,bottom
"C411","470 nF","C_0402_1005Metric",-6.850394,5.933071,-90.000000,bottom
"C414","470 nF","C_0402_1005Metric",-6.870079,5.826772,-90.000000,bottom
"C417","470 nF","C_0402_1005Metric",-6.724409,5.873425,-90.000000,bottom
"C419","470 nF","C_0402_1005Metric",-6.782874,5.858268,180.000000,bottom
"C420","4.7 uF","C_0805_2012Metric",-6.850394,6.377953,90.000000,bottom
"C421","470 nF","C_0402_1005Metric",-6.917323,6.003937,-90.000000,bottom
"C1","1000 pF, 2KV","C_1206_3216Metric",1.037008,3.214173,-90.000000,top
"C2","100 nF","C_0402_1005Metric",1.140906,2.954457,-90.000000,top
"C3","100 nF","C_0402_1005Metric",0.990906,2.954457,-90.000000,top
"C4","100 nF","C_0402_1005Metric",0.842906,2.954457,-90.000000,top
"C5","100 nF","C_0402_1005Metric",0.692906,2.954457,-90.000000,top
"C6","100 nF","C_0402_1005Metric",1.215906,1.835362,-90.000000,top
"C7","100 nF","C_0402_1005Metric",1.065906,1.826969,-90.000000,top
"C8","100 nF","C_0402_1005Metric",0.915906,1.835362,-90.000000,top
"C9","100 nF","C_0402_1005Metric",0.763906,1.835362,-90.000000,top
"C10","1000 pF, 2KV","C_1206_3216Metric",1.000000,2.002362,-90.000000,top
"C11","100 nF","C_0402_1005Metric",6.166929,6.050591,180.000000,top
"C12","100 nF","C_0402_1005Metric",6.166929,6.090354,180.000000,top
"C13","100 nF","C_0402_1005Metric",6.166929,6.148425,180.000000,top
"C14","100 nF","C_0402_1005Metric",6.166929,6.188976,180.000000,top
"C15","100 nF","C_0402_1005Metric",6.166929,6.248031,180.000000,top
"C16","100 nF","C_0402_1005Metric",6.166929,6.288118,180.000000,top
"C17","100 nF","C_0402_1005Metric",6.166929,6.346016,180.000000,top
"C18","100 nF","C_0402_1005Metric",6.166929,6.386016,180.000000,top
"C19","100 nF","C_0402_1005Metric",6.432843,6.564598,90.000000,top
"C20","100 nF","C_0402_1005Metric",6.472843,6.564598,90.000000,top
"C21","100 nF","C_0402_1005Metric",6.530709,6.564598,90.000000,top
"C22","100 nF","C_0402_1005Metric",6.571087,6.564598,90.000000,top
"C23","100 nF","C_0402_1005Metric",6.631480,6.564598,90.000000,top
"C24","100 nF","C_0402_1005Metric",6.671480,6.564598,90.000000,top
"C25","100 nF","C_0402_1005Metric",6.729000,6.564598,90.000000,top
"C26","100 nF","C_0402_1005Metric",6.770000,6.564598,90.000000,top
"C27","1.0 uF","C_0603_1608Metric",1.294906,3.419366,90.000000,top
"C28","1.0 uF","C_0603_1608Metric",2.651906,3.862366,0.000000,top
"C29","22 uF, 3.637 mOhm","C_1206_3216Metric",2.543937,7.597759,180.000000,top
"C30","22 uF, 3.637 mOhm","C_1206_3216Metric",2.543937,7.500259,180.000000,top
"C31","22 uF, 3.637 mOhm","C_1206_3216Metric",2.542937,7.402759,180.000000,top
"C32","2.2 nF, 1.268 Ohm","C_0402_1005Metric",2.542055,7.684759,180.000000,top
"C33","2.2 uF, 9.497 mOhm","C_0805_2012Metric",2.723145,7.796759,0.000000,top
"C34","2.2 uF, 9.497 mOhm","C_0805_2012Metric",2.851055,7.824759,90.000000,top
"C35","100 nF, 64 mOhm","C_0805_2012Metric",2.291055,7.813759,-90.000000,top
"C36","470 pF, 5.548 Ohm","C_0402_1005Metric",2.135960,7.983759,0.000000,top
"C37","100 uF, 4.885 mOhm","C_1206_3216Metric",1.478055,7.438759,-90.000000,top
"C38","100 uF, 4.885 mOhm","C_1206_3216Metric",1.332655,7.438759,-90.000000,top
"C39","100 uF, 4.885 mOhm","C_1206_3216Metric",1.187255,7.438759,-90.000000,top
"C40","100 uF, 4.885 mOhm","C_1206_3216Metric",1.041855,7.438759,-90.000000,top
"C41","100 uF, 4.885 mOhm","C_1206_3216Metric",0.896455,7.438759,-90.000000,top
"C42","100 uF, 4.885 mOhm","C_1206_3216Metric",0.751055,7.438759,-90.000000,top
"C43","10 uF, 4.512 mOhm","C_1206_3216Metric",4.281937,7.441759,0.000000,top
"C44","10 uF, 4.512 mOhm","C_1206_3216Metric",4.283078,7.548759,0.000000,top
"C45","100 nF, 1 mOhm","C_0402_1005Metric",4.283078,7.634759,0.000000,top
"C46","100 nF, 1 mOhm","C_0603_1608Metric",4.468051,7.894759,180.000000,top
"C47","22 uF, 1 mOhm","C_0603_1608Metric",3.715555,7.970759,90.000000,top
"C48","22 uF, 1 mOhm","C_0603_1608Metric",3.792055,7.970759,90.000000,top
"C49","22 uF, 1 mOhm","C_0603_1608Metric",3.868555,7.970759,90.000000,top
"C50","10 uF, 4.512 mOhm","C_1206_3216Metric",5.324055,7.463759,0.000000,top
"C51","10 uF, 4.512 mOhm","C_1206_3216Metric",5.322937,7.565759,0.000000,top
"C52","100 nF, 1 mOhm","C_0402_1005Metric",5.322055,7.644759,0.000000,top
"C53","100 nF, 1 mOhm","C_0603_1608Metric",5.512051,7.893759,180.000000,top
"C54","22 uF, 1 mOhm","C_0603_1608Metric",4.773055,7.964759,90.000000,top
"C55","22 uF, 1 mOhm","C_0603_1608Metric",4.848055,7.965762,90.000000,top
"C56","22 uF, 1 mOhm","C_0603_1608Metric",4.927055,7.966759,90.000000,top
"C57","10 uF, 4.512 mOhm","C_1206_3216Metric",6.443055,7.441759,0.000000,top
"C58","10 uF, 4.512 mOhm","C_1206_3216Metric",6.445173,7.557759,0.000000,top
"C59","100 nF, 1 mOhm","C_0402_1005Metric",6.444055,7.642759,0.000000,top
"C60","100 nF, 1 mOhm","C_0603_1608Metric",6.627051,7.895759,180.000000,top
"C61","22 uF, 1 mOhm","C_0603_1608Metric",5.862055,7.966759,90.000000,top
"C62","22 uF, 1 mOhm","C_0603_1608Metric",5.936055,7.966759,90.000000,top
"C63","22 uF, 1 mOhm","C_0603_1608Metric",6.010055,7.966759,90.000000,top
"C64","100 nF","C_0402_1005Metric",1.880945,2.950541,-90.000000,top
"C65","100 nF","C_0402_1005Metric",1.732945,2.950541,-90.000000,top
"C66","100 nF","C_0402_1005Metric",1.583945,2.950541,-90.000000,top
"C67","100 nF","C_0402_1005Metric",1.433945,2.950541,-90.000000,top
"C68","100 nF","C_0402_1005Metric",1.950906,1.836457,-90.000000,top
"C69","100 nF","C_0402_1005Metric",1.800906,1.836457,-90.000000,top
"C70","100 nF","C_0402_1005Metric",1.651906,1.837457,-90.000000,top
"C71","100 nF","C_0402_1005Metric",1.500906,1.837457,-90.000000,top
"C72","1000 pF, 2KV","C_1206_3216Metric",1.786220,3.199606,-90.000000,top
"C73","1000 pF, 2KV","C_1206_3216Metric",1.755906,2.012598,-90.000000,top
"C74","100 nF","C_0402_1005Metric",2.624358,2.956362,-90.000000,top
"C75","100 nF","C_0402_1005Metric",2.473358,2.956268,-90.000000,top
"C76","100 nF","C_0402_1005Metric",2.304724,2.954921,-90.000000,top
"C77","100 nF","C_0402_1005Metric",2.173358,2.955268,-90.000000,top
"C78","100 nF","C_0402_1005Metric",2.692906,1.832055,-90.000000,top
"C79","100 nF","C_0402_1005Metric",2.542906,1.830055,-90.000000,top
"C80","100 nF","C_0402_1005Metric",2.392906,1.830055,-90.000000,top
"C81","100 nF","C_0402_1005Metric",2.242906,1.833055,-90.000000,top
"C82","1000 pF, 2KV","C_1206_3216Metric",2.370472,3.067717,-90.000000,top
"C83","1000 pF, 2KV","C_1206_3216Metric",2.612598,2.008268,-90.000000,top
"C84","100 nF","C_0402_1005Metric",3.366358,2.956362,-90.000000,top
"C85","100 nF","C_0402_1005Metric",3.215358,2.956362,-90.000000,top
"C86","100 nF","C_0402_1005Metric",3.064358,2.956362,-90.000000,top
"C87","100 nF","C_0402_1005Metric",2.915358,2.956362,-90.000000,top
"C88","100 nF","C_0402_1005Metric",3.431102,1.816929,-90.000000,top
"C89","100 nF","C_0402_1005Metric",3.282906,1.829055,-90.000000,top
"C90","100 nF","C_0402_1005Metric",3.133906,1.831139,-90.000000,top
"C91","100 nF","C_0402_1005Metric",2.982906,1.832055,-90.000000,top
"C92","1000 pF, 2KV","C_1206_3216Metric",3.127953,3.074016,-90.000000,top
"C93","1000 pF, 2KV","C_1206_3216Metric",3.360236,1.985039,-90.000000,top
"C121","100 nF","C_0402_1005Metric",6.795276,5.194882,-90.000000,top
"C122","100 nF","C_0402_1005Metric",6.836614,5.195472,-90.000000,top
"C123","100 nF","C_0402_1005Metric",6.697441,5.195571,-90.000000,top
"C124","100 nF","C_0402_1005Metric",6.737402,5.195571,-90.000000,top
"C125","100 nF","C_0402_1005Metric",6.598425,5.192323,-90.000000,top
"C126","100 nF","C_0402_1005Metric",6.637795,5.192913,-90.000000,top
"C127","100 nF","C_0402_1005Metric",6.540000,5.192323,-90.000000,top
"C128","100 nF","C_0402_1005Metric",6.500000,5.192323,-90.000000,top
"C129","100 nF","C_0402_1005Metric",6.157843,5.490520,180.000000,top
"C130","100 nF","C_0402_1005Metric",6.157843,5.530520,180.000000,top
"C131","100 nF","C_0402_1005Metric",6.157843,5.588386,180.000000,top
"C132","100 nF","C_0402_1005Metric",6.157843,5.628764,180.000000,top
"C133","100 nF","C_0402_1005Metric",6.157843,5.684504,180.000000,top
"C134","100 nF","C_0402_1005Metric",6.157843,5.724504,180.000000,top
"C135","100 nF","C_0402_1005Metric",6.157843,5.782024,180.000000,top
"C136","100 nF","C_0402_1005Metric",6.157843,5.823024,180.000000,top
"C137","1.0 uF","C_0603_1608Metric",4.410978,3.419309,90.000000,top
"C138","1.0 uF","C_0603_1608Metric",5.767978,3.862309,0.000000,top
"C166","100 nF","C_0402_1005Metric",4.256978,2.954400,-90.000000,top
"C167","100 nF","C_0402_1005Metric",4.106978,2.954400,-90.000000,top
"C168","100 nF","C_0402_1005Metric",3.958978,2.954400,-90.000000,top
"C169","100 nF","C_0402_1005Metric",3.808978,2.954400,-90.000000,top
"C170","100 nF","C_0402_1005Metric",4.331978,1.835305,-90.000000,top
"C171","100 nF","C_0402_1005Metric",4.181978,1.835305,-90.000000,top
"C172","100 nF","C_0402_1005Metric",4.031978,1.835305,-90.000000,top
"C173","100 nF","C_0402_1005Metric",3.879978,1.835305,-90.000000,top
"C174","1000 pF, 2KV","C_1206_3216Metric",4.156299,3.218504,-90.000000,top
"C175","1000 pF, 2KV","C_1206_3216Metric",4.125591,2.005906,-90.000000,top
"C176","100 nF","C_0402_1005Metric",4.997018,2.950484,-90.000000,top
"C177","100 nF","C_0402_1005Metric",4.849018,2.950484,-90.000000,top
"C178","100 nF","C_0402_1005Metric",4.700018,2.950484,-90.000000,top
"C179","100 nF","C_0402_1005Metric",4.550018,2.950484,-90.000000,top
"C180","100 nF","C_0402_1005Metric",5.066978,1.836400,-90.000000,top
"C181","100 nF","C_0402_1005Metric",4.935433,1.826378,-90.000000,top
"C182","100 nF","C_0402_1005Metric",4.767978,1.837400,-90.000000,top
"C183","100 nF","C_0402_1005Metric",4.616978,1.837400,-90.000000,top
"C184","1000 pF, 2KV","C_1206_3216Metric",4.900394,3.187008,-90.000000,top
"C185","1000 pF, 2KV","C_1206_3216Metric",4.863780,1.989370,-90.000000,top
"C186","100 nF","C_0402_1005Metric",5.740431,2.956305,-90.000000,top
"C187","100 nF","C_0402_1005Metric",5.589431,2.956211,-90.000000,top
"C188","100 nF","C_0402_1005Metric",5.440157,2.951969,-90.000000,top
"C189","100 nF","C_0402_1005Metric",5.289431,2.955211,-90.000000,top
"C190","100 nF","C_0402_1005Metric",5.808978,1.831998,-90.000000,top
"C191","100 nF","C_0402_1005Metric",5.658978,1.829998,-90.000000,top
"C192","100 nF","C_0402_1005Metric",5.508978,1.829998,-90.000000,top
"C193","100 nF","C_0402_1005Metric",5.358978,1.832998,-90.000000,top
"C194","1000 pF, 2KV","C_1206_3216Metric",5.479528,3.081496,-90.000000,top
"C195","1000 pF, 2KV","C_1206_3216Metric",5.720644,2.010766,-90.000000,top
"C196","100 nF","C_0402_1005Metric",6.482431,2.956305,-90.000000,top
"C197","100 nF","C_0402_1005Metric",6.331431,2.956305,-90.000000,top
"C198","100 nF","C_0402_1005Metric",6.180431,2.956305,-90.000000,top
"C199","100 nF","C_0402_1005Metric",6.031431,2.956305,-90.000000,top
"C200","100 nF","C_0402_1005Metric",6.549787,1.819701,-90.000000,top
"C201","100 nF","C_0402_1005Metric",6.398978,1.828998,-90.000000,top
"C202","100 nF","C_0402_1005Metric",6.249978,1.831082,-90.000000,top
"C203","100 nF","C_0402_1005Metric",6.098978,1.831998,-90.000000,top
"C204","1000 pF, 2KV","C_1206_3216Metric",6.225591,3.086614,-90.000000,top
"C205","1000 pF, 2KV","C_1206_3216Metric",6.475197,1.986220,-90.000000,top
"C206","100 nF","C_0402_1005Metric",7.472441,5.854331,0.000000,top
"C207","100 nF","C_0402_1005Metric",7.472441,5.895283,0.000000,top
"C208","100 nF","C_0402_1005Metric",7.472441,5.797827,0.000000,top
"C209","100 nF","C_0402_1005Metric",7.472441,5.757276,0.000000,top
"C210","100 nF","C_0402_1005Metric",7.472441,5.700583,0.000000,top
"C211","100 nF","C_0402_1005Metric",7.472441,5.660496,0.000000,top
"C212","100 nF","C_0402_1005Metric",7.472441,5.602992,0.000000,top
"C213","100 nF","C_0402_1005Metric",7.472441,5.562992,0.000000,top
"C214","100 nF","C_0402_1005Metric",7.262031,5.196850,-90.000000,top
"C215","100 nF","C_0402_1005Metric",7.222031,5.196850,-90.000000,top
"C216","100 nF","C_0402_1005Metric",7.164165,5.196850,-90.000000,top
"C217","100 nF","C_0402_1005Metric",7.123787,5.196850,-90.000000,top
"C218","100 nF","C_0402_1005Metric",7.063173,5.196850,-90.000000,top
"C219","100 nF","C_0402_1005Metric",7.023173,5.196850,-90.000000,top
"C220","100 nF","C_0402_1005Metric",6.965654,5.196850,-90.000000,top
"C221","100 nF","C_0402_1005Metric",6.924654,5.196850,-90.000000,top
"C222","1.0 uF","C_0603_1608Metric",7.526378,3.420024,90.000000,top
"C223","1.0 uF","C_0603_1608Metric",8.883378,3.863024,0.000000,top
"C251","100 nF","C_0402_1005Metric",7.372378,2.955114,-90.000000,top
"C252","100 nF","C_0402_1005Metric",7.222378,2.955114,-90.000000,top
"C253","100 nF","C_0402_1005Metric",7.074378,2.955114,-90.000000,top
"C254","100 nF","C_0402_1005Metric",6.924378,2.955114,-90.000000,top
"C255","100 nF","C_0402_1005Metric",7.447378,1.836020,-90.000000,top
"C256","100 nF","C_0402_1005Metric",7.307087,1.826772,-90.000000,top
"C257","100 nF","C_0402_1005Metric",7.147378,1.836020,-90.000000,top
"C258","100 nF","C_0402_1005Metric",6.995378,1.836020,-90.000000,top
"C259","1000 pF, 2KV","C_1206_3216Metric",7.268110,3.214961,-90.000000,top
"C260","1000 pF, 2KV","C_1206_3216Metric",7.229921,1.998031,-90.000000,top
"C261","100 nF","C_0402_1005Metric",8.112418,2.951198,-90.000000,top
"C262","100 nF","C_0402_1005Metric",7.964418,2.951198,-90.000000,top
"C263","100 nF","C_0402_1005Metric",7.815418,2.951198,-90.000000,top
"C264","100 nF","C_0402_1005Metric",7.665418,2.951198,-90.000000,top
"C265","100 nF","C_0402_1005Metric",8.182378,1.837114,-90.000000,top
"C266","100 nF","C_0402_1005Metric",8.047937,1.831055,-90.000000,top
"C267","100 nF","C_0402_1005Metric",7.883378,1.838114,-90.000000,top
"C268","100 nF","C_0402_1005Metric",7.732378,1.838114,-90.000000,top
"C269","1000 pF, 2KV","C_1206_3216Metric",8.016142,3.187402,-90.000000,top
"C270","1000 pF, 2KV","C_1206_3216Metric",7.984252,2.000000,-90.000000,top
"C271","100 nF","C_0402_1005Metric",8.855831,2.957020,-90.000000,top
"C272","100 nF","C_0402_1005Metric",8.704831,2.956925,-90.000000,top
"C273","100 nF","C_0402_1005Metric",8.555831,2.956020,-90.000000,top
"C274","100 nF","C_0402_1005Metric",8.404831,2.955925,-90.000000,top
"C275","100 nF","C_0402_1005Metric",8.924378,1.832713,-90.000000,top
"C276","100 nF","C_0402_1005Metric",8.774378,1.830713,-90.000000,top
"C277","100 nF","C_0402_1005Metric",8.624378,1.830713,-90.000000,top
"C278","100 nF","C_0402_1005Metric",8.474378,1.833713,-90.000000,top
"C279","1000 pF, 2KV","C_1206_3216Metric",8.590945,3.085433,-90.000000,top
"C280","1000 pF, 2KV","C_1206_3216Metric",8.840551,2.010236,-90.000000,top
"C281","100 nF","C_0402_1005Metric",9.597831,2.957020,-90.000000,top
"C282","100 nF","C_0402_1005Metric",9.446831,2.957020,-90.000000,top
"C283","100 nF","C_0402_1005Metric",9.295831,2.957020,-90.000000,top
"C284","100 nF","C_0402_1005Metric",9.146831,2.957020,-90.000000,top
"C285","100 nF","C_0402_1005Metric",9.681102,1.821240,-90.000000,top
"C286","100 nF","C_0402_1005Metric",9.514378,1.829713,-90.000000,top
"C287","100 nF","C_0402_1005Metric",9.365378,1.831797,-90.000000,top
"C288","100 nF","C_0402_1005Metric",9.214378,1.832713,-90.000000,top
"C289","1000 pF, 2KV","C_1206_3216Metric",9.344488,3.085827,-90.000000,top
"C290","1000 pF, 2KV","C_1206_3216Metric",9.590551,1.984646,-90.000000,top
"C291","100 nF","C_0402_1005Metric",6.878346,6.567560,90.000000,top
"C292","100 nF","C_0402_1005Metric",6.918110,6.567560,90.000000,top
"C293","100 nF","C_0402_1005Metric",6.995472,6.567560,90.000000,top
"C294","100 nF","C_0402_1005Metric",7.036024,6.567560,90.000000,top
"C295","100 nF","C_0402_1005Metric",7.133858,6.566929,90.000000,top
"C296","100 nF","C_0402_1005Metric",7.094488,6.566929,90.000000,top
"C297","100 nF","C_0402_1005Metric",7.191094,6.567560,90.000000,top
"C298","100 nF","C_0402_1005Metric",7.231094,6.567560,90.000000,top
"C299","100 nF","C_0402_1005Metric",7.473031,6.285433,0.000000,top
"C300","100 nF","C_0402_1005Metric",7.473020,6.324803,0.000000,top
"C301","100 nF","C_0402_1005Metric",7.473020,6.187008,0.000000,top
"C302","100 nF","C_0402_1005Metric",7.473020,6.227796,0.000000,top
"C303","100 nF","C_0402_1005Metric",7.473020,6.086720,0.000000,top
"C304","100 nF","C_0402_1005Metric",7.473020,6.127130,0.000000,top
"C305","100 nF","C_0402_1005Metric",7.473020,5.990263,0.000000,top
"C306","100 nF","C_0402_1005Metric",7.473020,6.029611,0.000000,top
"C307","1.0 uF","C_0603_1608Metric",10.642474,3.418915,90.000000,top
"C308","1.0 uF","C_0603_1608Metric",11.999474,3.861915,0.000000,top
"C336","100 nF","C_0402_1005Metric",10.488474,2.954006,-90.000000,top
"C337","100 nF","C_0402_1005Metric",10.338474,2.954006,-90.000000,top
"C338","100 nF","C_0402_1005Metric",10.190474,2.954006,-90.000000,top
"C339","100 nF","C_0402_1005Metric",10.040474,2.954006,-90.000000,top
"C340","100 nF","C_0402_1005Metric",10.563474,1.834911,-90.000000,top
"C341","100 nF","C_0402_1005Metric",10.413474,1.834911,-90.000000,top
"C342","100 nF","C_0402_1005Metric",10.263474,1.834911,-90.000000,top
"C343","100 nF","C_0402_1005Metric",10.111474,1.834911,-90.000000,top
"C344","1000 pF, 2KV","C_1206_3216Metric",10.387795,3.218504,-90.000000,top
"C345","1000 pF, 2KV","C_1206_3216Metric",10.350394,2.011811,-90.000000,top
"C346","100 nF","C_0402_1005Metric",11.228514,2.950090,-90.000000,top
"C347","100 nF","C_0402_1005Metric",11.080514,2.950090,-90.000000,top
"C348","100 nF","C_0402_1005Metric",10.931514,2.950090,-90.000000,top
"C349","100 nF","C_0402_1005Metric",10.781514,2.950090,-90.000000,top
"C350","100 nF","C_0402_1005Metric",11.298474,1.836006,-90.000000,top
"C351","100 nF","C_0402_1005Metric",11.148474,1.836006,-90.000000,top
"C352","100 nF","C_0402_1005Metric",10.999474,1.837006,-90.000000,top
"C353","100 nF","C_0402_1005Metric",10.848474,1.837006,-90.000000,top
"C354","1000 pF, 2KV","C_1206_3216Metric",11.134252,3.177953,-90.000000,top
"C355","1000 pF, 2KV","C_1206_3216Metric",11.098425,2.019685,-90.000000,top
"C356","100 nF","C_0402_1005Metric",11.971927,2.955911,-90.000000,top
"C357","100 nF","C_0402_1005Metric",11.849606,2.947441,-90.000000,top
"C358","100 nF","C_0402_1005Metric",11.671927,2.954911,-90.000000,top
"C359","100 nF","C_0402_1005Metric",11.520927,2.954817,-90.000000,top
"C360","100 nF","C_0402_1005Metric",12.040474,1.831604,-90.000000,top
"C361","100 nF","C_0402_1005Metric",11.890474,1.829604,-90.000000,top
"C362","100 nF","C_0402_1005Metric",11.740474,1.829604,-90.000000,top
"C363","100 nF","C_0402_1005Metric",11.590474,1.832604,-90.000000,top
"C364","1000 pF, 2KV","C_1206_3216Metric",11.757480,3.046457,-90.000000,top
"C365","1000 pF, 2KV","C_1206_3216Metric",11.960630,2.007874,-90.000000,top
"C366","100 nF","C_0402_1005Metric",12.713927,2.955911,-90.000000,top
"C367","100 nF","C_0402_1005Metric",12.562927,2.955911,-90.000000,top
"C368","100 nF","C_0402_1005Metric",12.411927,2.955911,-90.000000,top
"C369","100 nF","C_0402_1005Metric",12.262927,2.955911,-90.000000,top
"C370","100 nF","C_0402_1005Metric",12.779474,1.831604,-90.000000,top
"C371","100 nF","C_0402_1005Metric",12.630474,1.828604,-90.000000,top
"C372","100 nF","C_0402_1005Metric",12.481474,1.830688,-90.000000,top
"C373","100 nF","C_0402_1005Metric",12.330474,1.831604,-90.000000,top
"C374","1000 pF, 2KV","C_1206_3216Metric",12.475591,3.090551,-90.000000,top
"C375","1000 pF, 2KV","C_1206_3216Metric",12.708661,2.003937,-90.000000,top
"C376","100 nF","C_0402_1005Metric",8.523622,5.785433,0.000000,top
"C377","100 nF","C_0402_1005Metric",8.971063,5.785433,0.000000,top
"C378","22 nF","C_0402_1005Metric",1.815551,6.598425,180.000000,top
"C379","22 nF","C_0402_1005Metric",1.815551,6.641732,180.000000,top
"C380","22 nF","C_0402_1005Metric",1.814961,6.685039,180.000000,top
"C381","22 nF","C_0402_1005Metric",1.814370,6.728346,180.000000,top
"C382","47 uF","C_1210_3225Metric",5.358268,5.826772,180.000000,top
"C385","4.7 uF","C_0805_2012Metric",6.181102,5.952756,180.000000,top
"C387","47 uF","C_1210_3225Metric",6.043307,6.582677,180.000000,top
"C391","4.7 uF","C_0805_2012Metric",6.297736,6.511811,0.000000,top
"C394","47 uF","C_1210_3225Metric",7.523622,5.303150,0.000000,top
"C401","47 uF","C_1210_3225Metric",7.236220,7.011811,0.000000,top
"C410","4.7 uF","C_0805_2012Metric",6.897146,7.104331,180.000000,top
"C412","47 uF","C_1210_3225Metric",6.385827,7.047244,180.000000,top
"C413","47 uF","C_1210_3225Metric",6.866142,7.460630,180.000000,top
"C415","47 uF","C_1210_3225Metric",5.362205,6.539370,180.000000,top
"C416","100 uF","C_1210_3225Metric",6.866142,6.917323,90.000000,top
"C418","4.7 uF","C_0805_2012Metric",6.708661,7.003937,90.000000,top
"C422","100 nF","C_0402_1005Metric",5.787402,7.696850,180.000000,top
"C423","100 nF","C_0402_1005Metric",0.814961,7.929134,90.000000,top
"C424","100 nF","C_0402_1005Metric",1.188976,7.928543,90.000000,top
"C425","100 nF","C_0402_1005Metric",5.562992,8.121457,-90.000000,top
"C426","100 nF","C_0402_1005Metric",5.055118,8.118110,-90.000000,top
"C427","100 nF","C_0402_1005Metric",3.614764,7.992126,0.000000,top
"C428","100 nF","C_0402_1005Metric",3.614173,8.074803,0.000000,top
"C429","100 nF","C_0402_1005Metric",5.787402,7.405512,180.000000,top
"D1","P4SMA6.8CA","D_SMA",8.018055,7.611018,-90.000000,top
"F1","2920L700/12MR-A","Fuse_2920_7451Metric",8.415055,7.604392,-90.000000,top
"FB1","100 ohm @ 100 MHz, 3A","FB_1206_3216Metric",1.146457,4.410630,180.000000,top
"FB2","100 ohm @ 100 MHz, 3A","FB_1206_3216Metric",4.262530,4.410573,180.000000,top
"FB3","100 ohm @ 100 MHz, 3A","FB_1206_3216Metric",7.377929,4.411287,180.000000,top
"FB4","100 ohm @ 100 MHz, 3A","FB_1206_3216Metric",10.494026,4.410179,180.000000,top
"L1","1 uH, 3.5 mOhm","INDPM110100X400N",1.948220,7.698759,180.000000,top
"L2","2.2 uH, 13.2 mOhm","XAL5030",4.047897,7.844759,180.000000,top
"L3","2.2 uH, 13.2 mOhm","XAL5030",5.081055,7.849759,180.000000,top
"L4","2.2 uH, 13.2 mOhm","XAL5030",6.193212,7.858759,180.000000,top
"R1","75R0","R_0402_1005Metric",0.837906,3.186268,90.000000,top
"R2","75R0","R_0402_1005Metric",0.881906,3.186268,90.000000,top
"R3","75R0","R_0402_1005Metric",0.925906,3.186268,90.000000,top
"R4","75R0","R_0402_1005Metric",0.969906,3.186268,90.000000,top
"R5","75R0","R_0402_1005Metric",0.934906,2.003457,90.000000,top
"R6","75R0","R_0402_1005Metric",0.891906,2.003457,90.000000,top
"R7","75R0","R_0402_1005Metric",0.847906,2.003457,90.000000,top
"R8","75R0","R_0402_1005Metric",0.803906,2.002362,90.000000,top
"R9","100R0","R_0402_1005Metric",6.225591,6.070472,-90.000000,top
"R10","100R0","R_0402_1005Metric",6.225591,6.169291,-90.000000,top
"R11","100R0","R_0402_1005Metric",6.225591,6.268618,-90.000000,top
"R12","100R0","R_0402_1005Metric",6.225591,6.368110,-90.000000,top
"R13","100R0","R_0402_1005Metric",6.453346,6.506693,180.000000,top
"R14","100R0","R_0402_1005Metric",6.550591,6.506693,180.000000,top
"R15","100R0","R_0402_1005Metric",6.650795,6.506693,180.000000,top
"R16","100R0","R_0402_1005Metric",6.748504,6.506693,180.000000,top
"R17","10K0","R_0402_1005Metric",6.111417,5.299606,-90.000000,top
"R18","2K0","R_0603_1608Metric",1.359906,3.532366,90.000000,top
"R19","2K0","R_0603_1608Metric",2.649906,3.797362,180.000000,top
"R20","10K0","R_0402_1005Metric",3.575984,4.302953,-90.000000,top
"R21","1K0","R_0402_1005Metric",2.974409,4.216535,180.000000,top
"R22","249K","R_0402_1005Metric",2.428055,7.979853,-90.000000,top
"R23","44K2","R_0402_1005Metric",2.469055,7.979759,90.000000,top
"R24","105K","R_0402_1005Metric",2.351055,7.904759,0.000000,top
"R25","150K","R_0402_1005Metric",2.631960,7.856759,0.000000,top
"R26","68K1","R_0402_1005Metric",2.510055,7.979853,90.000000,top
"R27","3R01","R_0402_1005Metric",2.246960,7.984759,0.000000,top
"R28","10K0","R_0402_1005Metric",2.588055,7.963664,-90.000000,top
"R29","10K0","R_0402_1005Metric",2.632149,7.897759,0.000000,top
"R30","33K2","R_0402_1005Metric",4.449937,7.715963,180.000000,top
"R31","10K0","R_0402_1005Metric",4.431055,7.654759,-90.000000,top
"R32","13K7","R_0402_1005Metric",5.492055,7.716759,180.000000,top
"R33","10K0","R_0402_1005Metric",5.473055,7.651853,-90.000000,top
"R34","3K09","R_0402_1005Metric",6.608960,7.716759,180.000000,top
"R35","10K0","R_0402_1005Metric",6.590055,7.651664,-90.000000,top
"R36","75R0","R_0402_1005Metric",1.307811,3.899362,180.000000,top
"R37","75R0","R_0402_1005Metric",1.307811,3.951803,180.000000,top
"R38","75R0","R_0402_1005Metric",1.307811,4.002362,180.000000,top
"R39","75R0","R_0402_1005Metric",1.306906,4.044362,180.000000,top
"R40","75R0","R_0402_1005Metric",1.013906,4.059362,180.000000,top
"R41","75R0","R_0402_1005Metric",1.012811,4.100362,180.000000,top
"R42","75R0","R_0402_1005Metric",1.012811,4.141362,180.000000,top
"R43","75R0","R_0402_1005Metric",1.013906,4.184362,180.000000,top
"R44","75R0","R_0402_1005Metric",1.716906,3.180362,90.000000,top
"R45","75R0","R_0402_1005Metric",1.675906,3.180362,90.000000,top
"R46","75R0","R_0402_1005Metric",1.634906,3.180362,90.000000,top
"R47","75R0","R_0402_1005Metric",1.594906,3.180362,90.000000,top
"R48","75R0","R_0402_1005Metric",1.679906,1.998362,90.000000,top
"R49","75R0","R_0402_1005Metric",1.637976,1.999142,90.000000,top
"R50","75R0","R_0402_1005Metric",1.593906,1.997362,90.000000,top
"R51","75R0","R_0402_1005Metric",1.548906,1.997362,90.000000,top
"R52","75R0","R_0402_1005Metric",3.004906,4.013362,0.000000,top
"R53","75R0","R_0402_1005Metric",3.004906,3.971362,0.000000,top
"R54","75R0","R_0402_1005Metric",3.004906,3.916362,0.000000,top
"R55","75R0","R_0402_1005Metric",3.004906,3.868362,0.000000,top
"R56","75R0","R_0402_1005Metric",2.295276,3.129724,90.000000,top
"R57","75R0","R_0402_1005Metric",2.254276,3.129724,90.000000,top
"R58","75R0","R_0402_1005Metric",2.210929,3.129724,90.000000,top
"R59","75R0","R_0402_1005Metric",2.168276,3.131630,90.000000,top
"R60","75R0","R_0402_1005Metric",2.541906,2.030362,90.000000,top
"R61","75R0","R_0402_1005Metric",2.499906,2.030362,90.000000,top
"R62","75R0","R_0402_1005Metric",2.457906,2.030268,90.000000,top
"R63","75R0","R_0402_1005Metric",2.415000,2.030268,90.000000,top
"R64","75R0","R_0402_1005Metric",2.636906,3.997362,0.000000,top
"R65","75R0","R_0402_1005Metric",2.635906,3.953362,0.000000,top
"R66","75R0","R_0402_1005Metric",3.004906,3.818362,0.000000,top
"R67","75R0","R_0402_1005Metric",3.004906,3.764362,0.000000,top
"R68","75R0","R_0402_1005Metric",3.062453,3.112362,90.000000,top
"R69","75R0","R_0402_1005Metric",3.021453,3.112362,90.000000,top
"R70","75R0","R_0402_1005Metric",2.980453,3.112173,90.000000,top
"R71","75R0","R_0402_1005Metric",2.939358,3.112268,90.000000,top
"R72","75R0","R_0402_1005Metric",3.290906,2.020362,90.000000,top
"R73","75R0","R_0402_1005Metric",3.247906,2.020362,90.000000,top
"R74","75R0","R_0402_1005Metric",3.203906,2.020268,90.000000,top
"R75","75R0","R_0402_1005Metric",3.160906,2.021173,90.000000,top
"R76","100R0","R_0402_1005Metric",6.815551,5.254823,180.000000,top
"R77","100R0","R_0402_1005Metric",6.717126,5.254232,180.000000,top
"R78","100R0","R_0402_1005Metric",6.618980,5.254232,180.000000,top
"R79","100R0","R_0402_1005Metric",6.517906,5.250984,0.000000,top
"R80","100R0","R_0402_1005Metric",6.215748,5.511024,-90.000000,top
"R81","100R0","R_0402_1005Metric",6.215748,5.608268,-90.000000,top
"R82","100R0","R_0402_1005Metric",6.215748,5.703819,-90.000000,top
"R83","100R0","R_0402_1005Metric",6.215748,5.801528,-90.000000,top
"R84","2K0","R_0603_1608Metric",4.475978,3.532309,90.000000,top
"R85","2K0","R_0603_1608Metric",5.765978,3.797305,180.000000,top
"R86","10K0","R_0402_1005Metric",6.692057,4.302896,-90.000000,top
"R87","75R0","R_0402_1005Metric",4.423884,3.899305,180.000000,top
"R88","75R0","R_0402_1005Metric",4.423884,3.951746,180.000000,top
"R89","75R0","R_0402_1005Metric",4.423884,4.002305,180.000000,top
"R90","75R0","R_0402_1005Metric",4.422978,4.044305,180.000000,top
"R91","75R0","R_0402_1005Metric",4.085978,3.186211,90.000000,top
"R92","75R0","R_0402_1005Metric",4.041978,3.186211,90.000000,top
"R93","75R0","R_0402_1005Metric",3.997978,3.186211,90.000000,top
"R94","75R0","R_0402_1005Metric",3.953978,3.186211,90.000000,top
"R95","75R0","R_0402_1005Metric",4.050978,2.003400,90.000000,top
"R96","75R0","R_0402_1005Metric",4.007978,2.003400,90.000000,top
"R97","75R0","R_0402_1005Metric",3.963978,2.003400,90.000000,top
"R98","75R0","R_0402_1005Metric",3.919978,2.002305,90.000000,top
"R99","75R0","R_0402_1005Metric",4.129978,4.059305,180.000000,top
"R100","75R0","R_0402_1005Metric",4.128884,4.100305,180.000000,top
"R101","75R0","R_0402_1005Metric",4.128884,4.141305,180.000000,top
"R102","75R0","R_0402_1005Metric",4.129978,4.184305,180.000000,top
"R103","75R0","R_0402_1005Metric",4.832978,3.180305,90.000000,top
"R104","75R0","R_0402_1005Metric",4.791978,3.180305,90.000000,top
"R105","75R0","R_0402_1005Metric",4.750978,3.180305,90.000000,top
"R106","75R0","R_0402_1005Metric",4.710978,3.180305,90.000000,top
"R107","75R0","R_0402_1005Metric",4.795978,1.998305,90.000000,top
"R108","75R0","R_0402_1005Metric",4.754049,1.999085,90.000000,top
"R109","75R0","R_0402_1005Metric",4.709978,1.997305,90.000000,top
"R110","75R0","R_0402_1005Metric",4.664978,1.997305,90.000000,top
"R111","75R0","R_0402_1005Metric",6.120978,4.013305,0.000000,top
"R112","75R0","R_0402_1005Metric",6.120978,3.971305,0.000000,top
"R113","75R0","R_0402_1005Metric",6.120978,3.916305,0.000000,top
"R114","75R0","R_0402_1005Metric",6.120978,3.868305,0.000000,top
"R115","75R0","R_0402_1005Metric",5.406693,3.125988,90.000000,top
"R116","75R0","R_0402_1005Metric",5.365693,3.125988,90.000000,top
"R117","75R0","R_0402_1005Metric",5.322346,3.125988,90.000000,top
"R118","75R0","R_0402_1005Metric",5.279693,3.127894,90.000000,top
"R119","75R0","R_0402_1005Metric",5.654213,2.030441,90.000000,top
"R120","75R0","R_0402_1005Metric",5.612213,2.030441,90.000000,top
"R121","75R0","R_0402_1005Metric",5.570213,2.030346,90.000000,top
"R122","75R0","R_0402_1005Metric",5.527307,2.030346,90.000000,top
"R123","75R0","R_0402_1005Metric",5.752978,3.997305,0.000000,top
"R124","75R0","R_0402_1005Metric",5.751978,3.953305,0.000000,top
"R125","75R0","R_0402_1005Metric",6.120978,3.818305,0.000000,top
"R126","75R0","R_0402_1005Metric",6.120978,3.764305,0.000000,top
"R127","75R0","R_0402_1005Metric",6.150394,3.113583,90.000000,top
"R128","75R0","R_0402_1005Metric",6.109394,3.113583,90.000000,top
"R129","75R0","R_0402_1005Metric",6.068394,3.113394,90.000000,top
"R130","75R0","R_0402_1005Metric",6.027299,3.113488,90.000000,top
"R131","75R0","R_0402_1005Metric",6.406978,2.020305,90.000000,top
"R132","75R0","R_0402_1005Metric",6.363978,2.020305,90.000000,top
"R133","75R0","R_0402_1005Metric",6.319978,2.020211,90.000000,top
"R134","75R0","R_0402_1005Metric",6.276978,2.021116,90.000000,top
"R135","1K0","R_0402_1005Metric",12.468898,4.264173,180.000000,top
"R136","1K0","R_0402_1005Metric",6.206693,4.295276,180.000000,top
"R137","1K0","R_0402_1005Metric",9.298228,4.245276,180.000000,top
"R138","100R0","R_0402_1005Metric",7.413780,5.874213,-90.000000,top
"R139","100R0","R_0402_1005Metric",7.413780,5.776961,90.000000,top
"R140","100R0","R_0402_1005Metric",7.413780,5.679996,90.000000,top
"R141","100R0","R_0402_1005Metric",7.413780,5.580898,90.000000,top
"R142","100R0","R_0402_1005Metric",7.241528,5.254756,0.000000,top
"R143","100R0","R_0402_1005Metric",7.144283,5.254756,0.000000,top
"R144","100R0","R_0402_1005Metric",7.043858,5.254756,0.000000,top
"R145","100R0","R_0402_1005Metric",6.946150,5.254756,0.000000,top
"R146","2K0","R_0603_1608Metric",7.591378,3.533024,90.000000,top
"R147","2K0","R_0603_1608Metric",8.881378,3.798020,180.000000,top
"R148","10K0","R_0402_1005Metric",9.807457,4.303610,-90.000000,top
"R149","75R0","R_0402_1005Metric",7.539283,3.900020,180.000000,top
"R150","75R0","R_0402_1005Metric",7.539283,3.952461,180.000000,top
"R151","75R0","R_0402_1005Metric",7.539283,4.003020,180.000000,top
"R152","75R0","R_0402_1005Metric",7.538378,4.045020,180.000000,top
"R153","75R0","R_0402_1005Metric",7.201378,3.186925,90.000000,top
"R154","75R0","R_0402_1005Metric",7.157378,3.186925,90.000000,top
"R155","75R0","R_0402_1005Metric",7.113378,3.186925,90.000000,top
"R156","75R0","R_0402_1005Metric",7.069378,3.186925,90.000000,top
"R157","75R0","R_0402_1005Metric",7.166378,2.004114,90.000000,top
"R158","75R0","R_0402_1005Metric",7.123378,2.004114,90.000000,top
"R159","75R0","R_0402_1005Metric",7.079378,2.004114,90.000000,top
"R160","75R0","R_0402_1005Metric",7.035378,2.003020,90.000000,top
"R161","75R0","R_0402_1005Metric",7.245378,4.060020,180.000000,top
"R162","75R0","R_0402_1005Metric",7.244283,4.101020,180.000000,top
"R163","75R0","R_0402_1005Metric",7.244283,4.142020,180.000000,top
"R164","75R0","R_0402_1005Metric",7.245378,4.185020,180.000000,top
"R165","75R0","R_0402_1005Metric",7.948378,3.181020,90.000000,top
"R166","75R0","R_0402_1005Metric",7.907378,3.181020,90.000000,top
"R167","75R0","R_0402_1005Metric",7.866378,3.181020,90.000000,top
"R168","75R0","R_0402_1005Metric",7.826378,3.181020,90.000000,top
"R169","75R0","R_0402_1005Metric",7.911378,1.999020,90.000000,top
"R170","75R0","R_0402_1005Metric",7.869449,1.999799,90.000000,top
"R171","75R0","R_0402_1005Metric",7.825378,1.998020,90.000000,top
"R172","75R0","R_0402_1005Metric",7.780378,1.998020,90.000000,top
"R173","75R0","R_0402_1005Metric",9.236378,4.014020,0.000000,top
"R174","75R0","R_0402_1005Metric",9.236378,3.972020,0.000000,top
"R175","75R0","R_0402_1005Metric",9.236378,3.917020,0.000000,top
"R176","75R0","R_0402_1005Metric",9.236378,3.869020,0.000000,top
"R177","75R0","R_0402_1005Metric",8.518898,3.122341,90.000000,top
"R178","75R0","R_0402_1005Metric",8.477898,3.122341,90.000000,top
"R179","75R0","R_0402_1005Metric",8.434551,3.122341,90.000000,top
"R180","75R0","R_0402_1005Metric",8.391898,3.124246,90.000000,top
"R181","75R0","R_0402_1005Metric",8.773378,2.031020,90.000000,top
"R182","75R0","R_0402_1005Metric",8.731378,2.031020,90.000000,top
"R183","75R0","R_0402_1005Metric",8.689378,2.030925,90.000000,top
"R184","75R0","R_0402_1005Metric",8.646472,2.030925,90.000000,top
"R185","75R0","R_0402_1005Metric",8.868378,3.998020,0.000000,top
"R186","75R0","R_0402_1005Metric",8.867378,3.954020,0.000000,top
"R187","75R0","R_0402_1005Metric",9.236378,3.819020,0.000000,top
"R188","75R0","R_0402_1005Metric",9.236378,3.765020,0.000000,top
"R189","75R0","R_0402_1005Metric",9.273776,3.114307,90.000000,top
"R190","75R0","R_0402_1005Metric",9.232776,3.114307,90.000000,top
"R191","75R0","R_0402_1005Metric",9.191776,3.114118,90.000000,top
"R192","75R0","R_0402_1005Metric",9.150681,3.114213,90.000000,top
"R193","75R0","R_0402_1005Metric",9.522378,2.021020,90.000000,top
"R194","75R0","R_0402_1005Metric",9.479378,2.021020,90.000000,top
"R195","75R0","R_0402_1005Metric",9.435378,2.020925,90.000000,top
"R196","75R0","R_0402_1005Metric",9.392378,2.021831,90.000000,top
"R197","100R0","R_0402_1005Metric",6.898228,6.508898,180.000000,top
"R198","100R0","R_0402_1005Metric",7.016339,6.508898,180.000000,top
"R199","100R0","R_0402_1005Metric",7.114442,6.508898,0.000000,top
"R200","100R0","R_0402_1005Metric",7.213189,6.508898,180.000000,top
"R201","100R0","R_0402_1005Metric",7.415115,6.305158,-90.000000,top
"R202","100R0","R_0402_1005Metric",7.415115,6.207914,-90.000000,top
"R203","100R0","R_0402_1005Metric",7.415115,6.107815,-90.000000,top
"R204","100R0","R_0402_1005Metric",7.415115,6.010107,-90.000000,top
"R205","2K0","R_0603_1608Metric",10.707474,3.531915,90.000000,top
"R206","2K0","R_0603_1608Metric",11.997474,3.796911,180.000000,top
"R207","10K0","R_0402_1005Metric",12.923553,4.302502,-90.000000,top
"R208","75R0","R_0402_1005Metric",10.655380,3.898911,180.000000,top
"R209","75R0","R_0402_1005Metric",10.655380,3.951352,180.000000,top
"R210","75R0","R_0402_1005Metric",10.655380,4.001911,180.000000,top
"R211","75R0","R_0402_1005Metric",10.654474,4.043911,180.000000,top
"R212","75R0","R_0402_1005Metric",10.317474,3.185817,90.000000,top
"R213","75R0","R_0402_1005Metric",10.273474,3.185817,90.000000,top
"R214","75R0","R_0402_1005Metric",10.229474,3.185817,90.000000,top
"R215","75R0","R_0402_1005Metric",10.185474,3.185817,90.000000,top
"R216","75R0","R_0402_1005Metric",10.282474,2.003006,90.000000,top
"R217","75R0","R_0402_1005Metric",10.239474,2.003006,90.000000,top
"R218","75R0","R_0402_1005Metric",10.195474,2.003006,90.000000,top
"R219","75R0","R_0402_1005Metric",10.151474,2.001911,90.000000,top
"R220","75R0","R_0402_1005Metric",10.361474,4.058911,180.000000,top
"R221","75R0","R_0402_1005Metric",10.360380,4.099911,180.000000,top
"R222","75R0","R_0402_1005Metric",10.360380,4.140911,180.000000,top
"R223","75R0","R_0402_1005Metric",10.361474,4.183911,180.000000,top
"R224","75R0","R_0402_1005Metric",11.064474,3.179911,90.000000,top
"R225","75R0","R_0402_1005Metric",11.023474,3.179911,90.000000,top
"R226","75R0","R_0402_1005Metric",10.982474,3.179911,90.000000,top
"R227","75R0","R_0402_1005Metric",10.942474,3.179911,90.000000,top
"R228","75R0","R_0402_1005Metric",11.027474,1.997911,90.000000,top
"R229","75R0","R_0402_1005Metric",10.985545,1.998691,90.000000,top
"R230","75R0","R_0402_1005Metric",10.941474,1.996911,90.000000,top
"R231","75R0","R_0402_1005Metric",10.896474,1.996911,90.000000,top
"R232","75R0","R_0402_1005Metric",12.352474,4.012911,0.000000,top
"R233","75R0","R_0402_1005Metric",12.352474,3.970911,0.000000,top
"R234","75R0","R_0402_1005Metric",12.352474,3.915911,0.000000,top
"R235","75R0","R_0402_1005Metric",12.352474,3.867911,0.000000,top
"R236","75R0","R_0402_1005Metric",11.689927,3.115911,90.000000,top
"R237","75R0","R_0402_1005Metric",11.648927,3.115911,90.000000,top
"R238","75R0","R_0402_1005Metric",11.605581,3.115911,90.000000,top
"R239","75R0","R_0402_1005Metric",11.562927,3.117817,90.000000,top
"R240","75R0","R_0402_1005Metric",11.889474,2.029911,90.000000,top
"R241","75R0","R_0402_1005Metric",11.847474,2.029911,90.000000,top
"R242","75R0","R_0402_1005Metric",11.805474,2.029817,90.000000,top
"R243","75R0","R_0402_1005Metric",11.762569,2.029817,90.000000,top
"R244","75R0","R_0402_1005Metric",11.984474,3.996911,0.000000,top
"R245","75R0","R_0402_1005Metric",11.983474,3.952911,0.000000,top
"R246","75R0","R_0402_1005Metric",12.352474,3.817911,0.000000,top
"R247","75R0","R_0402_1005Metric",12.352474,3.763911,0.000000,top
"R248","75R0","R_0402_1005Metric",12.410022,3.111911,90.000000,top
"R249","75R0","R_0402_1005Metric",12.369022,3.111911,90.000000,top
"R250","75R0","R_0402_1005Metric",12.328022,3.111722,90.000000,top
"R251","75R0","R_0402_1005Metric",12.286927,3.111817,90.000000,top
"R252","75R0","R_0402_1005Metric",12.638474,2.019911,90.000000,top
"R253","75R0","R_0402_1005Metric",12.595474,2.019911,90.000000,top
"R254","75R0","R_0402_1005Metric",12.551474,2.019817,90.000000,top
"R255","75R0","R_0402_1005Metric",12.508474,2.020722,90.000000,top
"R256","2K0","R_0402_1005Metric",8.541339,5.849803,90.000000,top
"R257","2K0","R_0402_1005Metric",9.120669,5.669291,180.000000,top
"R258","2K0","R_0402_1005Metric",8.988189,5.721850,-90.000000,top
"R259","4K7","R_0402_1005Metric",2.448819,6.893701,90.000000,top
"R260","68K1","R_0402_1005Metric",2.110236,6.515157,180.000000,top
"R261","10K0","R_0402_1005Metric",2.090551,6.452165,-90.000000,top
"R262","32K4","R_0402_1005Metric",2.086024,6.381890,180.000000,top
"R263","10K0","R_0402_1005Metric",2.066929,6.322835,-90.000000,top
"R264","18K7","R_0402_1005Metric",2.003346,6.381299,0.000000,top
"R265","10K0","R_0402_1005Metric",2.023622,6.322835,-90.000000,top
"R266","14K3","R_0402_1005Metric",1.894882,6.511811,0.000000,top
"R267","1K1","R_0402_1005Metric",1.973031,6.511811,0.000000,top
"R268","10K0","R_0402_1005Metric",1.972441,6.468504,180.000000,top
"R269","100K0","R_0402_1005Metric",2.055118,6.893701,-90.000000,top
"T1","SM51589PEL","SM51589PEL",0.867906,2.548362,-90.000000,top
"T2","SM51589PEL","SM51589PEL",0.938906,1.429362,-90.000000,top
"T3","SM51589PEL","SM51589PEL",1.607945,2.548362,-90.000000,top
"T4","SM51589PEL","SM51589PEL",1.676906,1.428961,-90.000000,top
"T5","SM51589PEL","SM51589PEL",2.349358,2.548866,-90.000000,top
"T6","SM51589PEL","SM51589PEL",2.417906,1.428961,-90.000000,top
"T7","SM51589PEL","SM51589PEL",3.089358,2.548866,-90.000000,top
"T8","SM51589PEL","SM51589PEL",3.157906,1.428961,-90.000000,top
"T9","SM51589PEL","SM51589PEL",3.983978,2.548305,-90.000000,top
"T10","SM51589PEL","SM51589PEL",4.054978,1.429305,-90.000000,top
"T11","SM51589PEL","SM51589PEL",4.724018,2.548305,-90.000000,top
"T12","SM51589PEL","SM51589PEL",4.792978,1.428904,-90.000000,top
"T13","SM51589PEL","SM51589PEL",5.465431,2.548809,-90.000000,top
"T14","SM51589PEL","SM51589PEL",5.533978,1.428904,-90.000000,top
"T15","SM51589PEL","SM51589PEL",6.205431,2.548809,-90.000000,top
"T16","SM51589PEL","SM51589PEL",6.273978,1.428904,-90.000000,top
"T17","SM51589PEL","SM51589PEL",7.099378,2.549020,-90.000000,top
"T18","SM51589PEL","SM51589PEL",7.170378,1.430020,-90.000000,top
"T19","SM51589PEL","SM51589PEL",7.839418,2.549020,-90.000000,top
"T20","SM51589PEL","SM51589PEL",7.908378,1.429618,-90.000000,top
"T21","SM51589PEL","SM51589PEL",8.580831,2.549524,-90.000000,top
"T22","SM51589PEL","SM51589PEL",8.649378,1.429618,-90.000000,top
"T23","SM51589PEL","SM51589PEL",9.320831,2.549524,-90.000000,top
"T24","SM51589PEL","SM51589PEL",9.389378,1.429618,-90.000000,top
"T25","SM51589PEL","SM51589PEL",10.215474,2.547911,-90.000000,top
"T26","SM51589PEL","SM51589PEL",10.286474,1.428911,-90.000000,top
"T27","SM51589PEL","SM51589PEL",10.955514,2.547911,-90.000000,top
"T28","SM51589PEL","SM51589PEL",11.024474,1.428510,-90.000000,top
"T29","SM51589PEL","SM51589PEL",11.696927,2.548415,-90.000000,top
"T30","SM51589PEL","SM51589PEL",11.765474,1.428510,-90.000000,top
"T31","SM51589PEL","SM51589PEL",12.436927,2.548415,-90.000000,top
"T32","SM51589PEL","SM51589PEL",12.505474,1.428510,-90.000000,top
"U1","XC7A35T-FTG256","Xilinx_FTG256",6.811024,5.905512,0.000000,top
"U2","VSC8658","VSC8658",1.979371,4.019137,180.000000,top
"U4","TPS565208","SOT-23-6",4.297181,7.762420,0.000000,top
"U5","TPS565208","SOT-23-6",5.340362,7.762759,0.000000,top
"U6","TPS565208","SOT-23-6",6.456055,7.762759,0.000000,top
"U7","VSC8658","VSC8658",5.095444,4.019080,180.000000,top
"U8","VSC8658","VSC8658",8.210843,4.019794,180.000000,top
"U9","VSC8658","VSC8658",11.326940,4.018686,180.000000,top
"U10","W25Q128JVS","SOIC-8_5.23x5.23mm_P1.27mm",9.265748,5.521654,0.000000,top
"U11","TXB0108PW","TSSOP-20_4.4x6.5mm_P0.65mm",8.748031,5.694882,0.000000,top
"X1","LFSPXO076034CUTT","LFSPXO076034",7.604331,6.383858,180.000000,top
